kickoff_utc,home,away,home_code,away_code,p_home,p_draw,p_away,p_over25,xg_home,xg_away,cs_prob_home,cs_prob_away,n_books,n_books_totals,fetched_at
2026-10-10T11:30:00Z,Arsenal,Leeds United,ARS,LEE,0.6855,0.1902,0.1243,0.5459,2.1,0.75,0.4724,0.1225,19,4,2026-10-01T14:34:37.105859+00:00
2026-10-10T14:00:00Z,Aston Villa,Brentford,AVL,BRE,0.3665,0.267,0.3665,0.5579,1.45,1.45,0.2346,0.2346,18,4,2026-10-01T14:34:37.105859+00:00
2026-10-10T14:00:00Z,Chelsea,Bournemouth,CHE,BOU,0.5496,0.2279,0.2225,0.6517,2.05,1.25,0.2865,0.1287,19,1,2026-10-01T14:34:37.105859+00:00
2026-10-10T14:00:00Z,Sunderland,Brighton and Hove Albion,SUN,BHA,0.3266,0.2766,0.3968,0.5074,1.25,1.4,0.2466,0.2865,19,4,2026-10-01T14:34:37.105859+00:00
2026-10-10T14:00:00Z,Ipswich Town,Fulham,IPS,FUL,0.3576,0.2677,0.3747,0.5404,1.4,1.45,0.2346,0.2466,19,4,2026-10-01T14:34:37.105859+00:00
2026-10-10T16:30:00Z,Manchester United,Tottenham Hotspur,MUN,TOT,0.5533,0.2294,0.2172,0.6298,2.0,1.2,0.3012,0.1353,19,1,2026-10-01T14:34:37.105859+00:00
2026-10-11T13:00:00Z,Crystal Palace,Nottingham Forest,CRY,NFO,0.3581,0.2865,0.3554,0.4608,1.25,1.25,0.2865,0.2865,19,4,2026-10-01T14:34:37.105859+00:00
2026-10-11T13:00:00Z,Hull City,Everton,HUL,EVE,0.2599,0.2836,0.4565,0.4376,1.0,1.4,0.2466,0.3679,18,4,2026-10-01T14:34:37.105859+00:00
2026-10-11T15:30:00Z,Liverpool,Manchester City,LIV,MCI,0.3711,0.2577,0.3711,0.5943,1.55,1.55,0.2122,0.2122,19,3,2026-10-01T14:34:37.105859+00:00
2026-10-12T19:00:00Z,Coventry City,Newcastle United,COV,NEW,0.2925,0.2618,0.4457,0.5598,1.3,1.65,0.192,0.2725,18,4,2026-10-01T14:34:37.105859+00:00
2026-10-17T11:30:00Z,Everton,Chelsea,EVE,CHE,0.3351,0.257,0.4079,0.5776,1.4,1.55,0.2122,0.2466,14,4,2026-10-01T14:34:37.105859+00:00
2026-10-17T14:00:00Z,Brentford,Liverpool,BRE,LIV,0.345,0.2564,0.3986,0.5974,1.5,1.6,0.2019,0.2231,13,1,2026-10-01T14:34:37.105859+00:00
2026-10-17T14:00:00Z,Fulham,Hull City,FUL,HUL,0.5619,0.2406,0.1975,0.5697,1.9,1.05,0.3499,0.1496,13,4,2026-10-01T14:34:37.105859+00:00
2026-10-17T14:00:00Z,Manchester City,Ipswich Town,MCI,IPS,0.7656,0.1495,0.0849,0.6897,2.7,0.85,0.4274,0.0672,13,1,2026-10-01T14:34:37.105859+00:00
2026-10-17T16:30:00Z,Newcastle United,Aston Villa,NEW,AVL,0.4515,0.2504,0.2981,0.5894,1.7,1.35,0.2592,0.1827,13,4,2026-10-01T14:34:37.105859+00:00
2026-10-18T13:00:00Z,Bournemouth,Sunderland,BOU,SUN,0.4757,0.264,0.2603,0.5235,1.6,1.15,0.3166,0.2019,14,4,2026-10-01T14:34:37.105859+00:00
2026-10-18T13:00:00Z,Brighton and Hove Albion,Crystal Palace,BHA,CRY,0.5933,0.2205,0.1863,0.6033,2.05,1.1,0.3329,0.1287,14,4,2026-10-01T14:34:37.105859+00:00
2026-10-18T13:00:00Z,Leeds United,Manchester United,LEE,MUN,0.3359,0.2589,0.4052,0.5753,1.4,1.55,0.2122,0.2466,14,4,2026-10-01T14:34:37.105859+00:00
2026-10-18T15:30:00Z,Nottingham Forest,Arsenal,NFO,ARS,0.1707,0.2407,0.5886,0.5101,0.9,1.8,0.1653,0.4066,14,4,2026-10-01T14:34:37.105859+00:00
2026-10-19T19:00:00Z,Tottenham Hotspur,Coventry City,TOT,COV,0.6299,0.21,0.1601,0.5992,2.1,1.0,0.3679,0.1225,14,4,2026-10-01T14:34:37.105859+00:00
